City,Temperature,feels_like,Humidity,Pressure,Data Collected At,Data_Collected_at
San Jose,13.67,13.29,84,1015,2025-10-17 10:48:51,
Minneapolis,17.25,17.38,90,1008,2025-10-17 10:48:52,
Portland,11.98,11.32,80,1021,2025-10-17 10:48:53,
Baltimore,9.91,8.67,53,1018,2025-10-17 10:48:54,
Charlotte,11.39,10.8,85,1018,2025-10-17 10:48:55,
Cleveland,4.31,4.31,87,1020,2025-10-17 10:48:56,
Detroit,8.04,8.04,87,1020,2025-10-17 10:48:57,
Tampa,21.93,22.32,82,1014,2025-10-17 10:48:58,
Kansas City,21.76,21.45,56,1010,2025-10-17 10:48:59,
Indianapolis,11.51,10.39,64,1018,2025-10-17 10:49:00,
St. Louis,20.04,20.01,73,1016,2025-10-17 10:49:02,
Salt Lake City,8.07,7.14,78,1019,2025-10-17 10:49:03,
Anchorage,6.3,6.3,90,993,2025-10-17 10:49:04,
Ottawa,4.93,2.57,72,1019,2025-10-17 10:49:05,
Calgary,10.55,8.78,43,1001,2025-10-17 10:49:06,
Edmonton,7.35,4.74,62,999,2025-10-17 10:49:07,
Winnipeg,10.84,10.54,98,1001,2025-10-17 10:49:08,
Halifax,10.52,9.85,85,1004,2025-10-17 10:49:09,
Guadalajara,18.88,18.96,82,1013,2025-10-17 10:49:10,
Monterrey,24.21,24.54,71,1012,2025-10-17 10:49:11,
Cancun,26.64,26.64,86,1009,2025-10-17 10:49:12,
Quito,7.33,6.56,93,1016,2025-10-17 10:49:14,
Guayaquil,21.96,22.25,78,1012,2025-10-17 10:49:15,
La Paz,7.56,5.88,93,1018,2025-10-17 10:49:16,
Asuncion,23.04,23.49,80,1007,2025-10-17 10:49:16,
Montevideo,18.58,18.95,94,1014,2025-10-17 10:49:18,
Guatemala City,16.16,16.42,99,1015,2025-10-17 10:49:19,
San Salvador,21.07,21.84,100,1012,2025-10-17 10:49:20,
Panama City,24.94,25.97,95,1011,2025-10-17 10:49:21,
Kingston,26.9,30.35,89,1009,2025-10-17 10:49:22,
Port-au-Prince,25.24,26.14,89,1010,2025-10-17 10:49:24,
Santo Domingo,24.81,25.75,92,1009,2025-10-17 10:49:25,
Havana,22.33,23.23,100,1012,2025-10-17 10:49:26,
Port of Spain,25.03,25.91,89,1010,2025-10-17 10:49:27,
Reykjavik,4.81,3.09,100,1023,2025-10-17 10:49:28,
Bergen,5.27,2.43,87,1021,2025-10-17 10:49:29,
Gothenburg,1.4,1.4,31,1016,2025-10-17 10:49:30,
Malmo,7.94,5.17,94,1015,2025-10-17 10:49:31,
Tampere,2.88,0.23,86,1011,2025-10-17 10:49:32,
Tallinn,1.19,1.19,93,1011,2025-10-17 10:49:33,
Riga,6.05,6.05,94,1011,2025-10-17 10:49:35,
Vilnius,9.45,7.52,95,1012,2025-10-17 10:49:36,
Budapest,7.46,7.46,91,1020,2025-10-17 10:49:37,
Bratislava,8.28,8.28,89,1021,2025-10-17 10:49:38,
Belgrade,7.61,5.94,87,1020,2025-10-17 10:49:39,
Bucharest,7.76,6.53,89,1022,2025-10-17 10:49:40,
Sofia,12.64,11.37,54,1022,2025-10-17 10:49:41,
Athens,16.83,16.68,81,1019,2025-10-17 10:49:42,
Thessaloniki,15.37,15.03,79,1021,2025-10-17 10:49:43,
Split,17.02,16.21,55,1016,2025-10-17 10:49:44,
Dubrovnik,16.71,16.58,82,1016,2025-10-17 10:49:45,
Sarajevo,5.73,5.73,100,1020,2025-10-17 10:49:46,
Tirana,12.49,12.41,100,1016,2025-10-17 10:49:47,
Podgorica,11.88,11.73,100,1016,2025-10-17 10:49:48,
Skopje,9.89,9.89,93,1020,2025-10-17 10:49:49,
Ljubljana,4.51,4.51,97,1021,2025-10-17 10:49:51,
Krakow,10.39,9.83,90,1018,2025-10-17 10:49:52,
Gdansk,9.79,7.94,97,1012,2025-10-17 10:49:53,
Wroclaw,10.29,9.67,88,1019,2025-10-17 10:49:54,
Porto,11.77,11.61,100,1014,2025-10-17 10:49:55,
Seville,17.71,17.63,80,1013,2025-10-17 10:49:56,
Valencia,16.91,16.9,86,1016,2025-10-17 10:49:57,
Granada,12.54,12.1,86,1016,2025-10-17 10:49:58,
Bilbao,15.54,15.16,77,1016,2025-10-17 10:49:59,
Nice,16.16,15.58,67,1018,2025-10-17 10:50:00,
Marseille,9.99,9.13,93,1017,2025-10-17 10:50:01,
Lyon,10.04,9.53,93,1020,2025-10-17 10:50:03,
Geneva,11.22,10.41,77,1020,2025-10-17 10:50:04,
Basel,5.72,5.72,96,1022,2025-10-17 10:50:05,
Hamburg,9.41,7.22,99,1020,2025-10-17 10:50:06,
Cologne,11.06,10.62,92,1025,2025-10-17 10:50:07,
Munich,6.92,6.92,95,1022,2025-10-17 10:50:08,
Stuttgart,9.53,8.22,90,1022,2025-10-17 10:50:09,
Dusseldorf,11.27,10.91,94,1024,2025-10-17 10:50:10,
Leipzig,9.72,7.85,91,1021,2025-10-17 10:50:11,
Dresden,10.63,10.1,90,1021,2025-10-17 10:50:12,
Nuremberg,8.11,8.11,91,1022,2025-10-17 10:50:13,
Bremen,9.96,9.1,94,1021,2025-10-17 10:50:14,
Hambantota,29.2,33.57,72,1009,2025-10-17 10:50:15,
Colombo,28.99,34.08,77,1009,2025-10-17 10:50:16,
Male,29.97,35.96,74,1010,2025-10-17 10:50:17,
Kathmandu,25.15,25.21,57,1016,2025-10-17 10:50:18,
Thimphu,18.03,16.83,36,1018,2025-10-17 10:50:19,
Islamabad,27.12,28.08,58,1015,2025-10-17 10:50:20,
Lahore,26.99,27.86,57,1014,2025-10-17 10:50:21,
Karachi,31.06,29.54,27,1013,2025-10-17 10:50:22,
Mashhad,19.09,18.02,37,1025,2025-10-17 10:50:24,
Shiraz,19.84,18.56,26,1023,2025-10-17 10:50:25,
Yerevan,11.13,9.92,62,1022,2025-10-17 10:50:26,
Tbilisi,13.06,12.3,72,1026,2025-10-17 10:50:27,
Baku,15.82,15.76,88,1026,2025-10-17 10:50:28,
Astana,3.01,-1.63,41,1027,2025-10-17 10:50:29,
Almaty,9.85,9.85,34,1020,2025-10-17 10:50:30,
Bishkek,18.22,16.72,24,1019,2025-10-17 10:50:31,
Tashkent,19.84,18.72,32,1019,2025-10-17 10:50:32,
Ashgabat,20.79,20.05,43,1024,2025-10-17 10:50:33,
Ulaanbaatar,-8.98,-15.98,62,1042,2025-10-17 10:50:34,
Phnom Penh,33.46,38.2,53,1008,2025-10-17 10:50:35,
Vientiane,31.94,38.94,70,1013,2025-10-17 10:50:36,
Bandar Seri Begawan,31.5,36.5,62,1007,2025-10-17 10:50:37,
Hobart,14.56,13.4,51,1004,2025-10-17 10:50:37,
Darwin,36.06,41.56,46,1006,2025-10-17 10:50:38,
Adelaide,20.56,20.08,54,1017,2025-10-17 10:50:39,
Suva,25.78,26.45,78,1012,2025-10-17 10:50:40,
Apia,25.51,26.21,80,1011,2025-10-17 10:50:42,
Nadi,27.0,29.2,74,1010,2025-10-17 10:50:42,
Port Moresby,28.15,30.82,69,1006,2025-10-17 10:50:44,
Avarua,25.03,25.49,73,1015,2025-10-17 10:50:45,
Noumea,27.78,34.57,99,1013,2025-10-17 10:50:46,
Papeete,24.42,24.95,78,1013,2025-10-17 10:50:47,
San Jose,12.34,11.88,86,1015,,2025-10-17 12:15:24
Minneapolis,17.29,17.37,88,1008,,2025-10-17 12:15:25
Portland,11.02,10.4,85,1021,,2025-10-17 12:15:26
Baltimore,8.45,7.33,57,1017,,2025-10-17 12:15:27
Charlotte,10.95,10.29,84,1018,,2025-10-17 12:15:28
Cleveland,4.92,4.92,89,1020,,2025-10-17 12:15:29
Detroit,7.04,7.04,93,1020,,2025-10-17 12:15:30
Tampa,20.92,21.37,88,1013,,2025-10-17 12:15:31
Kansas City,20.38,20.09,62,1010,,2025-10-17 12:15:32
Indianapolis,10.4,9.27,68,1018,,2025-10-17 12:15:33
St. Louis,19.26,19.15,73,1015,,2025-10-17 12:15:34
Salt Lake City,7.31,6.0,81,1018,,2025-10-17 12:15:35
Anchorage,6.51,5.07,90,994,,2025-10-17 12:15:36
Ottawa,4.45,1.43,72,1019,,2025-10-17 12:15:37
Calgary,9.71,9.71,48,1002,,2025-10-17 12:15:38
Edmonton,7.75,3.54,75,1003,,2025-10-17 12:15:39
Winnipeg,11.06,10.81,99,999,,2025-10-17 12:15:40
Halifax,10.46,9.81,86,1005,,2025-10-17 12:15:41
Guadalajara,16.88,17.08,94,1013,,2025-10-17 12:15:42
Monterrey,22.55,22.09,47,1011,,2025-10-17 12:15:43
Cancun,25.53,26.46,89,1009,,2025-10-17 12:15:44
Quito,6.33,6.33,100,1015,,2025-10-17 12:15:45
Guayaquil,21.96,22.25,78,1011,,2025-10-17 12:15:46
La Paz,8.56,6.44,93,1018,,2025-10-17 12:15:47
Asuncion,23.06,23.56,82,1007,,2025-10-17 12:15:48
Montevideo,18.82,19.08,89,1014,,2025-10-17 12:15:49
Guatemala City,16.58,16.83,97,1014,,2025-10-17 12:15:50
San Salvador,19.95,20.61,100,1011,,2025-10-17 12:15:51
Panama City,24.76,25.75,94,1009,,2025-10-17 12:15:52
Kingston,26.9,29.79,83,1009,,2025-10-17 12:15:53
Port-au-Prince,25.01,25.89,89,1009,,2025-10-17 12:15:54
Santo Domingo,24.81,25.7,90,1008,,2025-10-17 12:15:55
Havana,21.33,22.13,100,1011,,2025-10-17 12:15:56
Port of Spain,26.29,26.29,89,1010,,2025-10-17 12:15:57
Reykjavik,4.81,3.09,100,1023,,2025-10-17 12:15:58
Bergen,4.27,1.97,87,1022,,2025-10-17 12:15:59
Gothenburg,2.95,2.95,100,1017,,2025-10-17 12:16:00
Malmo,8.94,7.72,92,1016,,2025-10-17 12:16:01
Tampere,2.88,0.64,85,1012,,2025-10-17 12:16:02
Tallinn,2.19,0.03,93,1012,,2025-10-17 12:16:03
Riga,6.05,6.05,95,1012,,2025-10-17 12:16:04
Vilnius,9.21,7.51,91,1013,,2025-10-17 12:16:05
Budapest,9.9,9.9,84,1022,,2025-10-17 12:16:06
Bratislava,8.31,8.31,89,1022,,2025-10-17 12:16:07
Belgrade,9.41,8.46,80,1021,,2025-10-17 12:16:08
Bucharest,10.71,10.08,86,1023,,2025-10-17 12:16:09
Sofia,13.75,12.56,53,1022,,2025-10-17 12:16:10
Athens,18.0,17.74,72,1020,,2025-10-17 12:16:11
Thessaloniki,15.5,15.22,81,1022,,2025-10-17 12:16:12
Split,17.02,16.32,59,1017,,2025-10-17 12:16:13
Dubrovnik,16.71,16.45,77,1017,,2025-10-17 12:16:14
Sarajevo,6.73,6.73,100,1021,,2025-10-17 12:16:15
Tirana,14.49,14.01,77,1017,,2025-10-17 12:16:16
Podgorica,12.88,12.68,94,1017,,2025-10-17 12:16:17
Skopje,10.89,10.31,87,1021,,2025-10-17 12:16:18
Ljubljana,11.4,10.87,87,1022,,2025-10-17 12:16:19
Krakow,9.19,8.2,45,1019,,2025-10-17 12:16:20
Gdansk,10.45,10.03,95,1014,,2025-10-17 12:16:21
Wroclaw,10.39,9.86,91,1020,,2025-10-17 12:16:22
Porto,11.77,11.46,94,1014,,2025-10-17 12:16:23
Seville,17.71,17.65,81,1014,,2025-10-17 12:16:24
Valencia,16.52,16.55,89,1017,,2025-10-17 12:16:25
Granada,12.46,11.9,82,1017,,2025-10-17 12:16:26
Bilbao,14.23,13.77,79,1016,,2025-10-17 12:16:27
Nice,15.94,15.29,65,1018,,2025-10-17 12:16:28
Marseille,10.99,10.42,87,1017,,2025-10-17 12:16:29
Lyon,9.78,9.36,94,1021,,2025-10-17 12:16:30
Geneva,11.21,10.4,77,1021,,2025-10-17 12:16:31
Basel,7.07,7.07,96,1023,,2025-10-17 12:16:32
Hamburg,9.92,8.09,96,1021,,2025-10-17 12:16:33
Cologne,11.06,10.6,91,1025,,2025-10-17 12:16:34
Munich,7.14,7.14,95,1023,,2025-10-17 12:16:35
Stuttgart,9.53,9.53,91,1023,,2025-10-17 12:16:36
Dusseldorf,11.27,10.91,94,1024,,2025-10-17 12:16:37
Leipzig,10.24,9.7,91,1022,,2025-10-17 12:16:38
Dresden,10.18,9.6,90,1021,,2025-10-17 12:16:39
Nuremberg,8.13,8.13,91,1022,,2025-10-17 12:16:40
Bremen,10.0,8.78,98,1022,,2025-10-17 12:16:41
Hambantota,32.19,38.16,62,1007,,2025-10-17 12:16:42
Colombo,29.99,36.54,76,1007,,2025-10-17 12:16:43
Male,30.99,37.99,74,1009,,2025-10-17 12:16:44
Kathmandu,27.15,27.19,44,1014,,2025-10-17 12:16:45
Thimphu,19.35,18.18,32,1014,,2025-10-17 12:16:46
Islamabad,29.34,30.67,54,1014,,2025-10-17 12:16:47
Lahore,29.99,29.92,42,1013,,2025-10-17 12:16:48
Karachi,34.07,32.24,22,1012,,2025-10-17 12:16:49
Mashhad,21.09,20.17,35,1024,,2025-10-17 12:16:50
Shiraz,24.84,23.88,19,1018,,2025-10-17 12:16:51
Yerevan,11.13,10.02,66,1022,,2025-10-17 12:16:52
Tbilisi,15.06,14.27,63,1026,,2025-10-17 12:16:53
Baku,14.82,14.81,94,1026,,2025-10-17 12:16:55
Astana,6.01,2.6,31,1026,,2025-10-17 12:16:56
Almaty,13.85,12.0,27,1019,,2025-10-17 12:16:57
Bishkek,22.22,20.86,14,1018,,2025-10-17 12:16:58
Tashkent,22.84,21.91,28,1019,,2025-10-17 12:16:58
Ashgabat,22.79,22.12,38,1024,,2025-10-17 12:16:59
Ulaanbaatar,-8.98,-15.98,62,1041,,2025-10-17 12:17:00
Phnom Penh,33.96,38.64,51,1006,,2025-10-17 12:17:01
Vientiane,33.15,40.15,64,1010,,2025-10-17 12:17:02
Bandar Seri Begawan,31.5,38.5,70,1005,,2025-10-17 12:17:03
Hobart,14.56,13.22,44,1006,,2025-10-17 12:17:04
Darwin,35.06,40.43,49,1005,,2025-10-17 12:17:05
Adelaide,19.71,19.17,55,1017,,2025-10-17 12:17:06
Suva,24.78,25.48,83,1013,,2025-10-17 12:17:08
Apia,25.51,26.26,82,1012,,2025-10-17 12:17:09
Nadi,27.0,29.2,74,1012,,2025-10-17 12:17:10
Port Moresby,28.02,30.84,71,1006,,2025-10-17 12:17:11
Avarua,24.03,24.66,83,1015,,2025-10-17 12:17:12
Noumea,23.25,23.48,71,1015,,2025-10-17 12:17:13
Papeete,23.42,24.12,88,1014,,2025-10-17 12:17:14
San Jose,12.29,11.79,85,1015,,2025-10-17 12:20:03
Minneapolis,17.29,17.37,88,1008,,2025-10-17 12:20:04
Portland,11.02,10.4,85,1021,,2025-10-17 12:20:05
Baltimore,8.45,7.33,57,1017,,2025-10-17 12:20:06
Charlotte,10.3,9.68,88,1018,,2025-10-17 12:20:07
Cleveland,4.92,4.92,89,1020,,2025-10-17 12:20:08
Detroit,7.04,7.04,93,1020,,2025-10-17 12:20:09
Tampa,20.92,21.37,88,1013,,2025-10-17 12:20:10
Kansas City,20.38,20.09,62,1010,,2025-10-17 12:20:11
Indianapolis,10.4,9.27,68,1018,,2025-10-17 12:20:12
St. Louis,19.26,19.15,73,1015,,2025-10-17 12:20:13
Salt Lake City,7.31,6.0,81,1018,,2025-10-17 12:20:14
Anchorage,6.52,5.08,90,994,,2025-10-17 12:20:15
Ottawa,4.45,1.43,72,1019,,2025-10-17 12:20:16
Calgary,9.9,9.9,47,1002,,2025-10-17 12:20:17
Edmonton,7.72,3.5,75,1003,,2025-10-17 12:20:18
Winnipeg,11.06,10.81,99,999,,2025-10-17 12:20:19
Halifax,10.46,9.81,86,1005,,2025-10-17 12:20:20
Guadalajara,16.88,17.08,94,1013,,2025-10-17 12:20:21
Monterrey,21.99,21.26,39,1011,,2025-10-17 12:20:22
Cancun,25.53,26.46,89,1009,,2025-10-17 12:20:23
Quito,6.33,6.33,100,1015,,2025-10-17 12:20:24
Guayaquil,21.96,22.25,78,1011,,2025-10-17 12:20:25
La Paz,8.56,6.44,93,1018,,2025-10-17 12:20:26
Asuncion,23.06,23.56,82,1007,,2025-10-17 12:20:27
Montevideo,18.82,19.08,89,1014,,2025-10-17 12:20:28
Guatemala City,16.58,16.83,97,1014,,2025-10-17 12:20:29
San Salvador,19.95,20.61,100,1011,,2025-10-17 12:20:30
Panama City,24.76,25.75,94,1009,,2025-10-17 12:20:31
Kingston,26.9,29.79,83,1009,,2025-10-17 12:20:32
Port-au-Prince,25.01,25.89,89,1009,,2025-10-17 12:20:33
Santo Domingo,24.81,25.7,90,1008,,2025-10-17 12:20:34
Havana,21.33,22.13,100,1011,,2025-10-17 12:20:35
Port of Spain,26.29,26.29,89,1010,,2025-10-17 12:20:36
Reykjavik,4.81,3.09,100,1023,,2025-10-17 12:20:37
Bergen,4.27,1.97,87,1022,,2025-10-17 12:20:38
Gothenburg,2.95,2.95,100,1017,,2025-10-17 12:20:39
Malmo,8.94,7.72,92,1016,,2025-10-17 12:20:40
Tampere,2.88,0.64,85,1012,,2025-10-17 12:20:41
Tallinn,2.19,0.03,93,1012,,2025-10-17 12:20:42
Riga,6.05,6.05,95,1012,,2025-10-17 12:20:43
Vilnius,9.21,7.51,91,1013,,2025-10-17 12:20:44
Budapest,9.9,9.9,84,1022,,2025-10-17 12:20:45
Bratislava,8.31,8.31,89,1022,,2025-10-17 12:20:46
Belgrade,9.41,8.46,80,1021,,2025-10-17 12:20:47
Bucharest,10.71,10.08,86,1023,,2025-10-17 12:20:48
Sofia,13.75,12.59,54,1022,,2025-10-17 12:20:50
Athens,18.4,18.12,70,1020,,2025-10-17 12:20:51
Thessaloniki,15.23,14.95,82,1022,,2025-10-17 12:20:52
Split,17.02,16.32,59,1017,,2025-10-17 12:20:53
Dubrovnik,16.71,16.45,77,1017,,2025-10-17 12:20:54
Sarajevo,6.73,6.73,100,1021,,2025-10-17 12:20:55
Tirana,14.49,14.01,77,1017,,2025-10-17 12:20:56
Podgorica,12.88,12.68,94,1017,,2025-10-17 12:20:57
Skopje,10.89,10.31,87,1021,,2025-10-17 12:20:58
Ljubljana,11.4,10.87,87,1022,,2025-10-17 12:20:59
Krakow,9.19,8.2,45,1019,,2025-10-17 12:21:00
Gdansk,10.46,10.04,95,1014,,2025-10-17 12:21:01
Wroclaw,10.39,9.86,91,1020,,2025-10-17 12:21:02
Porto,11.77,11.46,94,1014,,2025-10-17 12:21:03
Seville,17.71,17.65,81,1014,,2025-10-17 12:21:04
Valencia,16.52,16.55,89,1017,,2025-10-17 12:21:05
Granada,12.46,11.9,82,1017,,2025-10-17 12:21:06
Bilbao,14.23,13.77,79,1016,,2025-10-17 12:21:07
Nice,15.94,15.29,65,1018,,2025-10-17 12:21:08
Marseille,10.99,10.42,87,1017,,2025-10-17 12:21:09
Lyon,9.78,9.36,94,1021,,2025-10-17 12:21:10
Geneva,11.21,10.4,77,1021,,2025-10-17 12:21:11
Basel,7.07,7.07,96,1023,,2025-10-17 12:21:12
Hamburg,9.92,8.09,96,1021,,2025-10-17 12:21:13
Cologne,11.06,10.6,91,1025,,2025-10-17 12:21:14
Munich,7.14,7.14,95,1023,,2025-10-17 12:21:15
Stuttgart,9.53,9.53,91,1023,,2025-10-17 12:21:16
Dusseldorf,11.27,10.91,94,1024,,2025-10-17 12:21:17
Leipzig,10.24,9.7,91,1022,,2025-10-17 12:21:18
Dresden,10.18,9.6,90,1021,,2025-10-17 12:21:19
Nuremberg,8.13,8.13,91,1022,,2025-10-17 12:21:20
Bremen,10.0,8.78,98,1022,,2025-10-17 12:21:21
Hambantota,32.19,38.16,62,1007,,2025-10-17 12:21:22
Colombo,29.99,36.54,76,1007,,2025-10-17 12:21:23
Male,30.99,37.99,74,1009,,2025-10-17 12:21:24
Kathmandu,27.15,27.19,44,1014,,2025-10-17 12:21:25
Thimphu,19.35,18.18,32,1014,,2025-10-17 12:21:26
Islamabad,29.9,31.38,53,1014,,2025-10-17 12:21:27
Lahore,29.99,29.92,42,1013,,2025-10-17 12:21:28
Karachi,34.06,32.23,22,1012,,2025-10-17 12:21:29
Mashhad,21.09,20.17,35,1024,,2025-10-17 12:21:30
Shiraz,24.84,23.88,19,1018,,2025-10-17 12:21:31
Yerevan,11.13,10.02,66,1022,,2025-10-17 12:21:32
Tbilisi,15.06,14.27,63,1026,,2025-10-17 12:21:33
Baku,14.82,14.81,94,1026,,2025-10-17 12:21:34
Astana,6.01,2.6,31,1026,,2025-10-17 12:21:35
Almaty,13.85,12.0,27,1019,,2025-10-17 12:21:36
Bishkek,22.22,20.86,14,1018,,2025-10-17 12:21:37
Tashkent,22.84,21.91,28,1019,,2025-10-17 12:21:38
Ashgabat,22.79,22.12,38,1024,,2025-10-17 12:21:39
Ulaanbaatar,-8.98,-15.98,62,1041,,2025-10-17 12:21:40
Phnom Penh,33.96,38.64,51,1006,,2025-10-17 12:21:41
Vientiane,33.15,40.15,64,1010,,2025-10-17 12:21:42
Bandar Seri Begawan,31.5,38.5,70,1005,,2025-10-17 12:21:43
Hobart,14.56,13.22,44,1006,,2025-10-17 12:21:44
Darwin,35.06,40.43,49,1005,,2025-10-17 12:21:45
Adelaide,19.61,19.11,57,1017,,2025-10-17 12:21:46
Suva,24.78,25.48,83,1013,,2025-10-17 12:21:47
Apia,25.51,26.26,82,1012,,2025-10-17 12:21:48
Nadi,27.0,29.2,74,1012,,2025-10-17 12:21:50
Port Moresby,28.02,30.84,71,1006,,2025-10-17 12:21:51
Avarua,24.03,24.66,83,1015,,2025-10-17 12:21:52
Noumea,23.25,23.48,71,1015,,2025-10-17 12:21:53
Papeete,23.42,24.12,88,1014,,2025-10-17 12:21:54
San Jose,12.29,11.79,85,1015,,2025-10-17 12:20:07
Minneapolis,17.29,17.37,88,1008,,2025-10-17 12:20:08
Portland,11.02,10.4,85,1021,,2025-10-17 12:20:09
Baltimore,8.45,7.33,57,1017,,2025-10-17 12:20:10
Charlotte,10.3,9.68,88,1018,,2025-10-17 12:20:11
Cleveland,4.92,4.92,89,1020,,2025-10-17 12:20:12
Detroit,7.04,7.04,93,1020,,2025-10-17 12:20:13
Tampa,20.92,21.37,88,1013,,2025-10-17 12:20:14
Kansas City,20.38,20.09,62,1010,,2025-10-17 12:20:15
Indianapolis,10.4,9.27,68,1018,,2025-10-17 12:20:16
St. Louis,19.26,19.15,73,1015,,2025-10-17 12:20:17
Salt Lake City,7.31,6.0,81,1018,,2025-10-17 12:20:18
Anchorage,6.52,5.08,90,994,,2025-10-17 12:20:19
Ottawa,4.45,1.43,72,1019,,2025-10-17 12:20:20
Calgary,9.9,9.9,47,1002,,2025-10-17 12:20:21
Edmonton,7.72,3.5,75,1003,,2025-10-17 12:20:22
Winnipeg,11.06,10.81,99,999,,2025-10-17 12:20:23
Halifax,10.46,9.81,86,1005,,2025-10-17 12:20:24
Guadalajara,16.88,17.08,94,1013,,2025-10-17 12:20:25
Monterrey,21.99,21.26,39,1011,,2025-10-17 12:20:26
Cancun,25.53,26.46,89,1009,,2025-10-17 12:20:27
Quito,6.33,6.33,100,1015,,2025-10-17 12:20:28
Guayaquil,21.96,22.25,78,1011,,2025-10-17 12:20:29
La Paz,8.56,6.44,93,1018,,2025-10-17 12:20:30
Asuncion,23.06,23.56,82,1007,,2025-10-17 12:20:31
Montevideo,18.82,19.08,89,1014,,2025-10-17 12:20:32
Guatemala City,16.58,16.83,97,1014,,2025-10-17 12:20:33
San Salvador,19.95,20.61,100,1011,,2025-10-17 12:20:34
Panama City,24.76,25.75,94,1009,,2025-10-17 12:20:35
Kingston,26.9,29.79,83,1009,,2025-10-17 12:20:36
Port-au-Prince,25.01,25.89,89,1009,,2025-10-17 12:20:37
Santo Domingo,24.81,25.7,90,1008,,2025-10-17 12:20:38
Havana,21.33,22.13,100,1011,,2025-10-17 12:20:39
Port of Spain,26.29,26.29,89,1010,,2025-10-17 12:20:40
Reykjavik,4.81,3.09,100,1023,,2025-10-17 12:20:41
Bergen,4.27,1.97,87,1022,,2025-10-17 12:20:42
Gothenburg,2.95,2.95,100,1017,,2025-10-17 12:20:43
Malmo,8.94,7.72,92,1016,,2025-10-17 12:20:44
Tampere,2.88,0.64,85,1012,,2025-10-17 12:20:45
Tallinn,2.19,0.03,93,1012,,2025-10-17 12:20:46
Riga,6.05,6.05,95,1012,,2025-10-17 12:20:47
Vilnius,9.21,7.51,91,1013,,2025-10-17 12:20:48
Budapest,9.9,9.9,84,1022,,2025-10-17 12:20:50
Bratislava,8.31,8.31,89,1022,,2025-10-17 12:20:51
Belgrade,9.41,8.46,80,1021,,2025-10-17 12:20:52
Bucharest,10.71,10.08,86,1023,,2025-10-17 12:20:53
Sofia,13.75,12.59,54,1022,,2025-10-17 12:20:53
Athens,18.4,18.12,70,1020,,2025-10-17 12:20:54
Thessaloniki,15.23,14.95,82,1022,,2025-10-17 12:20:56
Split,17.02,16.32,59,1017,,2025-10-17 12:20:57
Dubrovnik,16.71,16.45,77,1017,,2025-10-17 12:20:58
Sarajevo,6.73,6.73,100,1021,,2025-10-17 12:20:59
Tirana,14.49,14.01,77,1017,,2025-10-17 12:21:00
Podgorica,12.88,12.68,94,1017,,2025-10-17 12:21:01
Skopje,10.89,10.31,87,1021,,2025-10-17 12:21:02
Ljubljana,11.4,10.87,87,1022,,2025-10-17 12:21:03
Krakow,9.19,8.2,45,1019,,2025-10-17 12:21:04
Gdansk,10.46,10.04,95,1014,,2025-10-17 12:21:05
Wroclaw,10.39,9.86,91,1020,,2025-10-17 12:21:06
Porto,11.77,11.46,94,1014,,2025-10-17 12:21:07
Seville,17.71,17.65,81,1014,,2025-10-17 12:21:08
Valencia,16.52,16.55,89,1017,,2025-10-17 12:21:09
Granada,12.46,11.9,82,1017,,2025-10-17 12:21:10
Bilbao,14.23,13.77,79,1016,,2025-10-17 12:21:11
Nice,15.94,15.29,65,1018,,2025-10-17 12:21:12
Marseille,10.99,10.42,87,1017,,2025-10-17 12:21:13
Lyon,9.78,9.36,94,1021,,2025-10-17 12:21:14
Geneva,11.21,10.4,77,1021,,2025-10-17 12:21:15
Basel,7.07,7.07,96,1023,,2025-10-17 12:21:16
Hamburg,9.92,8.09,96,1021,,2025-10-17 12:21:17
Cologne,11.06,10.6,91,1025,,2025-10-17 12:21:18
Munich,7.14,7.14,95,1023,,2025-10-17 12:21:19
Stuttgart,9.53,9.53,91,1023,,2025-10-17 12:21:20
Dusseldorf,11.27,10.91,94,1024,,2025-10-17 12:21:21
Leipzig,10.24,9.7,91,1022,,2025-10-17 12:21:22
Dresden,10.18,9.6,90,1021,,2025-10-17 12:21:23
Nuremberg,8.13,8.13,91,1022,,2025-10-17 12:21:24
Bremen,10.0,8.78,98,1022,,2025-10-17 12:21:25
Hambantota,32.19,38.16,62,1007,,2025-10-17 12:21:26
Colombo,29.99,36.54,76,1007,,2025-10-17 12:21:27
Male,30.99,37.99,74,1009,,2025-10-17 12:21:28
Kathmandu,27.15,27.19,44,1014,,2025-10-17 12:21:29
Thimphu,19.35,18.18,32,1014,,2025-10-17 12:21:30
Islamabad,29.9,31.38,53,1014,,2025-10-17 12:21:31
Lahore,29.99,29.92,42,1013,,2025-10-17 12:21:32
Karachi,34.06,32.23,22,1012,,2025-10-17 12:21:33
Mashhad,21.09,20.17,35,1024,,2025-10-17 12:21:34
Shiraz,24.84,23.88,19,1018,,2025-10-17 12:21:35
Yerevan,11.13,10.02,66,1022,,2025-10-17 12:21:36
Tbilisi,15.06,14.27,63,1026,,2025-10-17 12:21:37
Baku,14.82,14.81,94,1026,,2025-10-17 12:21:38
Astana,6.01,2.6,31,1026,,2025-10-17 12:21:39
Almaty,13.85,12.0,27,1019,,2025-10-17 12:21:40
Bishkek,22.22,20.86,14,1018,,2025-10-17 12:21:41
Tashkent,22.84,21.91,28,1019,,2025-10-17 12:21:42
Ashgabat,22.79,22.12,38,1024,,2025-10-17 12:21:43
Ulaanbaatar,-8.98,-15.98,62,1041,,2025-10-17 12:21:44
Phnom Penh,33.96,38.64,51,1006,,2025-10-17 12:21:45
Vientiane,33.15,40.15,64,1010,,2025-10-17 12:21:46
Bandar Seri Begawan,31.5,38.5,70,1005,,2025-10-17 12:21:47
Hobart,14.56,13.22,44,1006,,2025-10-17 12:21:48
Darwin,35.06,40.43,49,1005,,2025-10-17 12:21:50
Adelaide,19.61,19.11,57,1017,,2025-10-17 12:21:51
Suva,24.78,25.48,83,1013,,2025-10-17 12:21:52
Apia,25.51,26.26,82,1012,,2025-10-17 12:21:53
Nadi,27.0,29.2,74,1012,,2025-10-17 12:21:54
Port Moresby,28.02,30.84,71,1006,,2025-10-17 12:21:55
Avarua,24.03,24.66,83,1015,,2025-10-17 12:21:56
Noumea,23.25,23.48,71,1015,,2025-10-17 12:21:57
Papeete,23.42,24.12,88,1014,,2025-10-17 12:21:58
San Jose,13.41,12.87,79,1017,,2025-10-19 20:43:36
Minneapolis,8.74,5.11,69,1010,,2025-10-19 20:43:37
Portland,10.92,10.5,93,1014,,2025-10-19 20:43:38
Baltimore,20.2,20.26,76,1012,,2025-10-19 20:43:38
Charlotte,20.26,20.33,76,1014,,2025-10-19 20:43:39
Cleveland,19.68,19.87,83,998,,2025-10-19 20:43:40
Detroit,17.82,18.19,97,995,,2025-10-19 20:43:41
Tampa,27.87,30.29,69,1017,,2025-10-19 20:43:42
Kansas City,11.58,10.2,54,1018,,2025-10-19 20:43:43
Indianapolis,11.25,10.6,83,1003,,2025-10-19 20:43:43
St. Louis,13.15,12.37,71,1013,,2025-10-19 20:43:44
Salt Lake City,12.24,10.88,52,1018,,2025-10-19 20:43:45
Anchorage,-0.82,-4.57,78,1004,,2025-10-19 20:43:46
Ottawa,15.61,14.95,66,1005,,2025-10-19 20:43:47
Calgary,5.26,2.83,62,995,,2025-10-19 20:43:48
Edmonton,2.42,2.42,61,996,,2025-10-19 20:43:49
Winnipeg,5.01,2.76,81,1007,,2025-10-19 20:43:50
Halifax,13.82,13.24,76,1017,,2025-10-19 20:43:51
Guadalajara,19.88,20.09,83,1017,,2025-10-19 20:43:52
Monterrey,25.38,25.44,56,1019,,2025-10-19 20:43:53
Cancun,26.08,26.08,93,1014,,2025-10-19 20:43:54
Quito,16.33,15.38,52,1016,,2025-10-19 20:43:55
Guayaquil,25.96,25.96,69,1015,,2025-10-19 20:43:55
La Paz,12.56,11.86,76,1020,,2025-10-19 20:43:56
Asuncion,25.09,24.83,45,1021,,2025-10-19 20:43:57
Montevideo,17.82,17.2,59,1028,,2025-10-19 20:43:58
Guatemala City,17.56,17.98,100,1019,,2025-10-19 20:43:59
San Salvador,22.24,23.08,98,1015,,2025-10-19 20:44:00
Panama City,31.65,37.76,65,1013,,2025-10-19 20:44:01
Kingston,31.9,38.73,66,1016,,2025-10-19 20:44:02
Port-au-Prince,30.46,36.46,71,1016,,2025-10-19 20:44:02
Santo Domingo,29.75,35.87,76,1017,,2025-10-19 20:44:03
Havana,29.33,34.3,74,1017,,2025-10-19 20:44:04
Port of Spain,28.91,32.53,70,1013,,2025-10-19 20:44:05
Reykjavik,7.72,7.72,72,1011,,2025-10-19 20:44:06
Bergen,10.27,9.34,76,1013,,2025-10-19 20:44:07
Gothenburg,8.97,6.68,73,1017,,2025-10-19 20:44:08
Malmo,8.94,5.97,67,1019,,2025-10-19 20:44:09
Tampere,5.0,2.84,76,1014,,2025-10-19 20:44:10
Tallinn,7.96,6.0,71,1017,,2025-10-19 20:44:11
Riga,6.05,6.05,76,1019,,2025-10-19 20:44:11
Vilnius,5.63,2.3,65,1019,,2025-10-19 20:44:12
Budapest,12.55,11.09,47,1020,,2025-10-19 20:44:13
Bratislava,10.25,8.77,55,1021,,2025-10-19 20:44:14
Belgrade,13.06,11.44,39,1022,,2025-10-19 20:44:15
Bucharest,13.8,12.46,47,1019,,2025-10-19 20:44:16
Sofia,11.82,9.89,32,1020,,2025-10-19 20:44:17
Athens,19.07,19.3,87,1017,,2025-10-19 20:44:18
Thessaloniki,20.06,19.3,45,1019,,2025-10-19 20:44:19
Split,19.02,18.23,48,1019,,2025-10-19 20:44:20
Dubrovnik,17.71,17.18,63,1019,,2025-10-19 20:44:21
Sarajevo,13.73,12.49,51,1020,,2025-10-19 20:44:22
Tirana,19.49,18.96,56,1018,,2025-10-19 20:44:22
Podgorica,18.88,18.08,48,1019,,2025-10-19 20:44:23
Skopje,14.89,13.87,55,1020,,2025-10-19 20:44:24
Ljubljana,12.52,11.45,62,1020,,2025-10-19 20:44:25
Krakow,8.89,8.34,31,1020,,2025-10-19 20:44:26
Gdansk,9.28,8.3,69,1021,,2025-10-19 20:44:27
Wroclaw,9.61,7.05,63,1022,,2025-10-19 20:44:28
Porto,17.77,18.06,94,1012,,2025-10-19 20:44:29
Seville,28.78,28.75,44,1014,,2025-10-19 20:44:30
Valencia,23.52,23.57,63,1015,,2025-10-19 20:44:31
Granada,24.32,23.7,34,1016,,2025-10-19 20:44:32
Bilbao,25.8,25.38,36,1007,,2025-10-19 20:44:32
Nice,19.69,19.41,65,1018,,2025-10-19 20:44:33
Marseille,19.21,19.04,71,1017,,2025-10-19 20:44:34
Lyon,18.29,18.0,70,1014,,2025-10-19 20:44:35
Geneva,14.22,13.58,72,1014,,2025-10-19 20:44:36
Basel,16.06,15.5,68,1013,,2025-10-19 20:44:37
Hamburg,10.79,9.41,57,1014,,2025-10-19 20:44:38
Cologne,13.83,13.12,71,1011,,2025-10-19 20:44:39
Munich,12.75,11.99,73,1016,,2025-10-19 20:44:40
Stuttgart,13.6,12.95,74,1014,,2025-10-19 20:44:41
Dusseldorf,14.1,13.16,61,1009,,2025-10-19 20:44:42
Leipzig,10.37,9.03,60,1015,,2025-10-19 20:44:43
Dresden,9.48,6.89,55,1017,,2025-10-19 20:44:44
Nuremberg,10.04,8.88,68,1016,,2025-10-19 20:44:44
Bremen,11.72,10.7,67,1011,,2025-10-19 20:44:45
Hambantota,25.19,26.38,100,1009,,2025-10-19 20:44:46
Colombo,24.74,25.78,96,1009,,2025-10-19 20:44:47
Male,28.97,35.55,84,1009,,2025-10-19 20:44:48
Kathmandu,20.15,20.39,83,1015,,2025-10-19 20:44:49
Thimphu,8.59,8.59,92,1020,,2025-10-19 20:44:50
Islamabad,24.34,24.55,66,1012,,2025-10-19 20:44:51
Lahore,27.99,29.11,57,1011,,2025-10-19 20:44:52
Karachi,29.07,27.6,23,1009,,2025-10-19 20:44:53
Mashhad,16.09,14.69,36,1019,,2025-10-19 20:44:53
Shiraz,23.84,22.8,20,1013,,2025-10-19 20:44:54
Yerevan,17.13,15.92,39,1014,,2025-10-19 20:44:55
Tbilisi,16.06,15.37,63,1015,,2025-10-19 20:44:56
Baku,18.82,18.77,77,1014,,2025-10-19 20:44:57
Astana,1.01,-3.04,75,1028,,2025-10-19 20:44:58
Almaty,9.85,9.62,65,1024,,2025-10-19 20:44:59
Bishkek,11.22,10.07,64,1024,,2025-10-19 20:45:00
Tashkent,15.84,14.08,23,1021,,2025-10-19 20:45:01
Ashgabat,18.62,17.32,30,1018,,2025-10-19 20:45:02
Ulaanbaatar,-17.98,-17.98,78,1048,,2025-10-19 20:45:03
Phnom Penh,27.36,30.22,77,1007,,2025-10-19 20:45:04
Vientiane,24.93,25.52,78,1011,,2025-10-19 20:45:04
Bandar Seri Begawan,27.86,33.14,89,1008,,2025-10-19 20:45:05
Hobart,12.89,11.67,55,997,,2025-10-19 20:45:06
Darwin,28.06,31.94,78,1008,,2025-10-19 20:45:07
Adelaide,17.43,17.13,73,1008,,2025-10-19 20:45:08
Suva,23.78,24.51,88,1010,,2025-10-19 20:45:09
Apia,22.73,23.33,87,1008,,2025-10-19 20:45:11
Nadi,23.0,23.39,78,1009,,2025-10-19 20:45:12
Port Moresby,24.63,25.39,86,1006,,2025-10-19 20:45:13
Avarua,22.03,22.19,73,1014,,2025-10-19 20:45:15
Noumea,21.75,22.2,85,1009,,2025-10-19 20:45:17
Papeete,24.42,24.95,78,1013,,2025-10-19 20:45:20
San Jose,13.41,12.87,79,1017,,2025-10-19 20:43:37
Minneapolis,8.74,5.11,69,1010,,2025-10-19 20:43:38
Portland,10.92,10.5,93,1014,,2025-10-19 20:43:39
Baltimore,20.2,20.26,76,1012,,2025-10-19 20:43:40
Charlotte,20.26,20.33,76,1014,,2025-10-19 20:43:41
Cleveland,19.68,19.87,83,998,,2025-10-19 20:43:42
Detroit,17.82,18.19,97,995,,2025-10-19 20:43:43
Tampa,27.87,30.29,69,1017,,2025-10-19 20:43:43
Kansas City,11.58,10.2,54,1018,,2025-10-19 20:43:44
Indianapolis,11.25,10.6,83,1003,,2025-10-19 20:43:45
St. Louis,13.15,12.37,71,1013,,2025-10-19 20:43:46
Salt Lake City,12.24,10.88,52,1018,,2025-10-19 20:43:47
Anchorage,-0.82,-4.57,78,1004,,2025-10-19 20:43:48
Ottawa,15.61,14.95,66,1005,,2025-10-19 20:43:49
Calgary,5.26,2.83,62,995,,2025-10-19 20:43:50
Edmonton,2.42,2.42,61,996,,2025-10-19 20:43:51
Winnipeg,5.01,2.76,81,1007,,2025-10-19 20:43:52
Halifax,13.82,13.24,76,1017,,2025-10-19 20:43:53
Guadalajara,19.88,20.09,83,1017,,2025-10-19 20:43:54
Monterrey,25.38,25.44,56,1019,,2025-10-19 20:43:55
Cancun,26.08,26.08,93,1014,,2025-10-19 20:43:56
Quito,16.33,15.38,52,1016,,2025-10-19 20:43:57
Guayaquil,25.96,25.96,69,1015,,2025-10-19 20:43:58
La Paz,12.56,11.86,76,1020,,2025-10-19 20:43:59
Asuncion,25.09,24.83,45,1021,,2025-10-19 20:44:00
Montevideo,17.82,17.2,59,1028,,2025-10-19 20:44:01
Guatemala City,17.56,17.98,100,1019,,2025-10-19 20:44:02
San Salvador,22.24,23.08,98,1015,,2025-10-19 20:44:02
Panama City,31.65,37.76,65,1013,,2025-10-19 20:44:03
Kingston,31.9,38.73,66,1016,,2025-10-19 20:44:04
Port-au-Prince,30.46,36.46,71,1016,,2025-10-19 20:44:05
Santo Domingo,29.75,35.87,76,1017,,2025-10-19 20:44:06
Havana,29.33,34.3,74,1017,,2025-10-19 20:44:07
Port of Spain,28.91,32.53,70,1013,,2025-10-19 20:44:08
Reykjavik,7.72,7.72,72,1011,,2025-10-19 20:44:09
Bergen,10.27,9.34,76,1013,,2025-10-19 20:44:10
Gothenburg,8.97,6.68,73,1017,,2025-10-19 20:44:11
Malmo,8.94,5.97,67,1019,,2025-10-19 20:44:11
Tampere,5.0,2.84,76,1014,,2025-10-19 20:44:12
Tallinn,7.96,6.0,71,1017,,2025-10-19 20:44:13
Riga,6.05,6.05,76,1019,,2025-10-19 20:44:14
Vilnius,5.63,2.3,65,1019,,2025-10-19 20:44:15
Budapest,12.55,11.09,47,1020,,2025-10-19 20:44:16
Bratislava,10.25,8.77,55,1021,,2025-10-19 20:44:17
Belgrade,13.06,11.44,39,1022,,2025-10-19 20:44:18
Bucharest,13.8,12.46,47,1019,,2025-10-19 20:44:19
Sofia,11.82,9.89,32,1020,,2025-10-19 20:44:20
Athens,19.07,19.3,87,1017,,2025-10-19 20:44:21
Thessaloniki,20.06,19.3,45,1019,,2025-10-19 20:44:22
Split,19.02,18.23,48,1019,,2025-10-19 20:44:22
Dubrovnik,17.71,17.18,63,1019,,2025-10-19 20:44:23
Sarajevo,13.73,12.49,51,1020,,2025-10-19 20:44:24
Tirana,19.49,18.96,56,1018,,2025-10-19 20:44:25
Podgorica,18.88,18.08,48,1019,,2025-10-19 20:44:26
Skopje,14.89,13.87,55,1020,,2025-10-19 20:44:27
Ljubljana,12.52,11.45,62,1020,,2025-10-19 20:44:28
Krakow,8.89,8.34,31,1020,,2025-10-19 20:44:29
Gdansk,9.28,8.3,69,1021,,2025-10-19 20:44:30
Wroclaw,9.61,7.05,63,1022,,2025-10-19 20:44:31
Porto,17.77,18.06,94,1012,,2025-10-19 20:44:32
Seville,28.78,28.75,44,1014,,2025-10-19 20:44:32
Valencia,23.52,23.57,63,1015,,2025-10-19 20:44:33
Granada,24.32,23.7,34,1016,,2025-10-19 20:44:34
Bilbao,25.8,25.38,36,1007,,2025-10-19 20:44:35
Nice,19.69,19.41,65,1018,,2025-10-19 20:44:36
Marseille,19.21,19.04,71,1017,,2025-10-19 20:44:37
Lyon,18.29,18.0,70,1014,,2025-10-19 20:44:38
Geneva,14.22,13.58,72,1014,,2025-10-19 20:44:39
Basel,16.06,15.5,68,1013,,2025-10-19 20:44:40
Hamburg,10.79,9.41,57,1014,,2025-10-19 20:44:41
Cologne,13.83,13.12,71,1011,,2025-10-19 20:44:42
Munich,12.75,11.99,73,1016,,2025-10-19 20:44:43
Stuttgart,13.6,12.95,74,1014,,2025-10-19 20:44:44
Dusseldorf,14.1,13.16,61,1009,,2025-10-19 20:44:44
Leipzig,10.37,9.03,60,1015,,2025-10-19 20:44:45
Dresden,9.48,6.89,55,1017,,2025-10-19 20:44:46
Nuremberg,10.04,8.88,68,1016,,2025-10-19 20:44:47
Bremen,11.72,10.7,67,1011,,2025-10-19 20:44:48
Hambantota,25.19,26.38,100,1009,,2025-10-19 20:44:49
Colombo,24.74,25.78,96,1009,,2025-10-19 20:44:50
Male,28.97,35.55,84,1009,,2025-10-19 20:44:51
Kathmandu,20.15,20.39,83,1015,,2025-10-19 20:44:52
Thimphu,8.59,8.59,92,1020,,2025-10-19 20:44:52
Islamabad,24.34,24.55,66,1012,,2025-10-19 20:44:53
Lahore,27.99,29.11,57,1011,,2025-10-19 20:44:54
Karachi,29.07,27.6,23,1009,,2025-10-19 20:44:55
Mashhad,16.09,14.69,36,1019,,2025-10-19 20:44:56
Shiraz,23.84,22.8,20,1013,,2025-10-19 20:44:57
Yerevan,17.13,15.92,39,1014,,2025-10-19 20:44:58
Tbilisi,16.06,15.37,63,1015,,2025-10-19 20:44:59
Baku,18.82,18.77,77,1014,,2025-10-19 20:45:00
Astana,1.01,-3.04,75,1028,,2025-10-19 20:45:01
Almaty,9.85,9.62,65,1024,,2025-10-19 20:45:02
Bishkek,11.22,10.07,64,1024,,2025-10-19 20:45:03
Tashkent,15.84,14.08,23,1021,,2025-10-19 20:45:04
Ashgabat,18.62,17.32,30,1018,,2025-10-19 20:45:04
Ulaanbaatar,-17.98,-17.98,78,1048,,2025-10-19 20:45:05
Phnom Penh,27.36,30.22,77,1007,,2025-10-19 20:45:06
Vientiane,24.93,25.52,78,1011,,2025-10-19 20:45:07
Bandar Seri Begawan,27.86,33.14,89,1008,,2025-10-19 20:45:08
Hobart,12.89,11.67,55,997,,2025-10-19 20:45:09
Darwin,28.06,31.94,78,1008,,2025-10-19 20:45:11
Adelaide,17.43,17.13,73,1008,,2025-10-19 20:45:12
Suva,23.78,24.51,88,1010,,2025-10-19 20:45:13
Apia,22.73,23.33,87,1008,,2025-10-19 20:45:15
Nadi,23.0,23.39,78,1009,,2025-10-19 20:45:17
Port Moresby,24.63,25.39,86,1006,,2025-10-19 20:45:20
Avarua,22.03,22.19,73,1014,,2025-10-19 20:45:21
Noumea,21.75,22.2,85,1009,,2025-10-19 20:45:23
Papeete,24.42,24.95,78,1013,,2025-10-19 20:45:24
San Jose,15.77,15.49,80,1016,,2025-10-22 12:15:15
Minneapolis,6.37,2.21,74,1012,,2025-10-22 12:15:16
Portland,9.18,9.18,88,1015,,2025-10-22 12:15:17
Baltimore,13.14,12.89,91,1008,,2025-10-22 12:15:18
Charlotte,13.89,13.63,88,1013,,2025-10-22 12:15:19
Cleveland,8.39,4.81,77,1006,,2025-10-22 12:15:20
Detroit,7.76,4.52,86,1004,,2025-10-22 12:15:21
Tampa,21.67,22.32,93,1016,,2025-10-22 12:15:23
Kansas City,9.02,9.02,57,1019,,2025-10-22 12:15:24
Indianapolis,9.54,5.89,62,1011,,2025-10-22 12:15:25
St. Louis,9.81,8.23,63,1016,,2025-10-22 12:15:26
Salt Lake City,7.28,5.55,56,1023,,2025-10-22 12:15:27
Anchorage,3.4,-0.18,74,990,,2025-10-22 12:15:28
Ottawa,9.1,8.09,85,1004,,2025-10-22 12:15:29
Calgary,3.63,1.71,53,1018,,2025-10-22 12:15:30
Edmonton,2.15,2.15,67,1017,,2025-10-22 12:15:31
Winnipeg,2.88,-1.12,81,1017,,2025-10-22 12:15:32
Halifax,12.95,12.47,83,1015,,2025-10-22 12:15:33
Guadalajara,14.88,14.17,67,1018,,2025-10-22 12:15:34
Monterrey,23.38,23.63,71,1019,,2025-10-22 12:15:35
Cancun,25.54,26.5,90,1014,,2025-10-22 12:15:37
Quito,9.33,9.33,94,1016,,2025-10-22 12:15:38
Guayaquil,22.96,23.48,83,1011,,2025-10-22 12:15:39
La Paz,6.56,4.32,87,1018,,2025-10-22 12:15:40
Asuncion,21.14,21.01,65,1015,,2025-10-22 12:15:41
Montevideo,17.53,17.45,81,1017,,2025-10-22 12:15:42
Guatemala City,17.26,17.57,97,1016,,2025-10-22 12:15:43
San Salvador,20.51,21.23,100,1012,,2025-10-22 12:15:44
Panama City,24.99,26.0,94,1010,,2025-10-22 12:15:45
Kingston,26.9,29.79,83,1011,,2025-10-22 12:15:46
Port-au-Prince,24.24,25.07,90,1012,,2025-10-22 12:15:47
Santo Domingo,22.81,23.65,96,1013,,2025-10-22 12:15:48
Havana,22.33,23.23,100,1015,,2025-10-22 12:15:49
Port of Spain,23.29,24.29,100,1010,,2025-10-22 12:15:50
Reykjavik,0.81,-6.19,64,1009,,2025-10-22 12:15:51
Bergen,10.27,9.78,93,987,,2025-10-22 12:15:52
Gothenburg,11.95,10.53,51,992,,2025-10-22 12:15:53
Malmo,11.94,11.62,93,996,,2025-10-22 12:15:54
Tampere,4.49,-0.03,82,1007,,2025-10-22 12:15:55
Tallinn,3.48,-0.88,89,1009,,2025-10-22 12:15:56
Riga,3.83,-0.44,87,1008,,2025-10-22 12:15:57
Vilnius,4.47,-0.24,83,1011,,2025-10-22 12:15:58
Budapest,8.65,6.84,86,1009,,2025-10-22 12:15:59
Bratislava,10.4,9.64,82,1006,,2025-10-22 12:16:00
Belgrade,12.68,11.81,69,1009,,2025-10-22 12:16:01
Bucharest,11.6,10.77,75,1013,,2025-10-22 12:16:01
Sofia,12.64,11.4,55,1013,,2025-10-22 12:16:02
Athens,19.92,20.16,84,1013,,2025-10-22 12:16:03
Thessaloniki,18.15,18.08,79,1013,,2025-10-22 12:16:04
Split,17.02,17.08,88,1010,,2025-10-22 12:16:05
Dubrovnik,16.71,16.73,88,1010,,2025-10-22 12:16:06
Sarajevo,8.73,8.16,93,1010,,2025-10-22 12:16:07
Tirana,16.49,16.21,77,1011,,2025-10-22 12:16:08
Podgorica,12.88,12.83,100,1012,,2025-10-22 12:16:09
Skopje,13.89,13.63,88,1013,,2025-10-22 12:16:10
Ljubljana,11.45,11.21,98,1007,,2025-10-22 12:16:11
Krakow,8.12,6.55,58,1006,,2025-10-22 12:16:12
Gdansk,6.06,5.11,99,1003,,2025-10-22 12:16:13
Wroclaw,8.51,6.64,88,1004,,2025-10-22 12:16:14
Porto,17.77,18.21,100,1014,,2025-10-22 12:16:15
Seville,17.9,18.12,91,1018,,2025-10-22 12:16:16
Valencia,20.31,20.33,74,1011,,2025-10-22 12:16:17
Granada,15.68,15.55,86,1019,,2025-10-22 12:16:18
Bilbao,16.43,16.22,80,1008,,2025-10-22 12:16:19
Nice,16.28,16.03,79,1006,,2025-10-22 12:16:20
Marseille,16.42,16.55,93,1007,,2025-10-22 12:16:21
Lyon,15.56,15.52,90,1005,,2025-10-22 12:16:22
Geneva,14.22,14.15,94,1005,,2025-10-22 12:16:23
Basel,13.44,13.35,96,1002,,2025-10-22 12:16:24
Hamburg,11.54,11.1,90,996,,2025-10-22 12:16:25
Cologne,11.52,11.03,88,999,,2025-10-22 12:16:26
Munich,9.84,9.84,93,1002,,2025-10-22 12:16:27
Stuttgart,12.07,11.76,93,1000,,2025-10-22 12:16:28
Dusseldorf,11.81,11.42,91,998,,2025-10-22 12:16:29
Leipzig,12.58,12.09,84,999,,2025-10-22 12:16:30
Dresden,11.31,10.61,81,1001,,2025-10-22 12:16:31
Nuremberg,12.01,11.62,90,1001,,2025-10-22 12:16:32
Bremen,11.96,11.64,93,996,,2025-10-22 12:16:33
Hambantota,31.19,38.19,74,1008,,2025-10-22 12:16:34
Colombo,25.99,25.99,78,1009,,2025-10-22 12:16:35
Male,30.97,37.52,70,1008,,2025-10-22 12:16:36
Kathmandu,25.15,24.95,47,1013,,2025-10-22 12:16:37
Thimphu,20.36,19.23,30,1014,,2025-10-22 12:16:38
Islamabad,28.23,28.35,46,1014,,2025-10-22 12:16:39
Lahore,28.99,28.78,42,1013,,2025-10-22 12:16:40
Karachi,34.06,32.23,22,1013,,2025-10-22 12:16:41
Mashhad,25.09,24.12,18,1019,,2025-10-22 12:16:42
Shiraz,21.84,20.68,23,1020,,2025-10-22 12:16:43
Yerevan,12.13,11.54,82,1021,,2025-10-22 12:16:44
Tbilisi,13.06,11.65,47,1022,,2025-10-22 12:16:45
Baku,15.82,15.47,77,1022,,2025-10-22 12:16:46
Astana,10.01,8.11,40,1034,,2025-10-22 12:16:47
Almaty,15.85,14.67,45,1023,,2025-10-22 12:16:48
Bishkek,16.22,14.76,33,1022,,2025-10-22 12:16:49
Tashkent,23.84,22.8,20,1020,,2025-10-22 12:16:50
Ashgabat,22.79,21.86,28,1019,,2025-10-22 12:16:51
Ulaanbaatar,-3.98,-3.98,54,1038,,2025-10-22 12:16:52
Phnom Penh,31.58,35.3,57,1006,,2025-10-22 12:16:53
Vientiane,30.93,37.41,70,1010,,2025-10-22 12:16:54
Bandar Seri Begawan,31.5,37.69,66,1006,,2025-10-22 12:16:55
Hobart,10.67,10.25,94,990,,2025-10-22 12:16:56
Darwin,32.06,37.84,62,1006,,2025-10-22 12:16:57
Adelaide,16.62,16.11,68,1013,,2025-10-22 12:16:58
Suva,26.78,29.51,83,1015,,2025-10-22 12:16:59
Apia,24.95,25.69,84,1012,,2025-10-22 12:17:00
Nadi,23.0,23.97,100,1015,,2025-10-22 12:17:01
Port Moresby,26.13,26.13,75,1007,,2025-10-22 12:17:02
Avarua,23.03,22.96,60,1019,,2025-10-22 12:17:03
Noumea,27.22,32.51,99,1012,,2025-10-22 12:17:04
Papeete,24.42,25.22,88,1016,,2025-10-22 12:17:05
Anchorage,2.93,-1.32,87,992,,2025-10-25 10:44:38
Ottawa,6.35,4.87,83,1024,,2025-10-25 10:44:39
Calgary,12.41,10.57,33,995,,2025-10-25 10:44:40
Edmonton,11.3,9.58,42,992,,2025-10-25 10:44:41
Winnipeg,3.81,1.33,84,1016,,2025-10-25 10:44:45
Halifax,7.82,6.63,92,1018,,2025-10-25 10:44:47
Guadalajara,18.88,18.83,77,1015,,2025-10-25 10:44:48
Monterrey,24.7,25.0,68,1011,,2025-10-25 10:44:49
Cancun,27.19,30.06,79,1013,,2025-10-25 10:44:50
Quito,8.33,8.33,100,1017,,2025-10-25 10:44:51
Guayaquil,22.96,23.35,78,1012,,2025-10-25 10:44:52
La Paz,10.56,9.16,57,1016,,2025-10-25 10:44:53
Asuncion,27.68,28.1,50,1003,,2025-10-25 10:44:56
Montevideo,17.93,18.29,96,1006,,2025-10-25 10:45:00
Guatemala City,15.33,15.53,100,1019,,2025-10-25 10:45:02
San Salvador,22.2,22.7,85,1011,,2025-10-25 10:45:03
Panama City,25.34,26.44,96,1011,,2025-10-25 10:45:04
Kingston,26.24,26.24,87,1007,,2025-10-25 10:45:05
Port-au-Prince,23.96,24.76,90,1010,,2025-10-25 10:45:06
Santo Domingo,23.34,24.26,97,1012,,2025-10-25 10:45:09
Havana,25.33,26.22,88,1015,,2025-10-25 10:45:13
Port of Spain,25.03,25.89,88,1011,,2025-10-25 10:45:14
Reykjavik,-2.28,-5.41,61,1018,,2025-10-25 10:45:15
Bergen,7.27,6.49,93,983,,2025-10-25 10:45:16
Gothenburg,9.63,6.56,56,986,,2025-10-25 10:45:17
Malmo,8.94,5.01,85,992,,2025-10-25 10:45:18
Tampere,7.27,3.68,97,995,,2025-10-25 10:45:19
Tallinn,11.19,10.98,100,993,,2025-10-25 10:45:20
Riga,10.5,10.14,97,990,,2025-10-25 10:45:21
Vilnius,8.57,5.2,94,991,,2025-10-25 10:45:22
Budapest,5.8,5.8,75,1010,,2025-10-25 10:45:23
Bratislava,6.69,5.83,73,1008,,2025-10-25 10:45:25
Belgrade,7.0,5.22,85,1013,,2025-10-25 10:45:26
Bucharest,6.54,4.29,86,1011,,2025-10-25 10:45:27
Sofia,2.82,2.82,93,1014,,2025-10-25 10:45:28
Athens,17.68,17.36,71,1013,,2025-10-25 10:45:29
Thessaloniki,16.3,15.32,51,1012,,2025-10-25 10:45:30
Split,13.02,12.83,94,1013,,2025-10-25 10:45:31
Dubrovnik,12.71,11.89,71,1013,,2025-10-25 10:45:32
Sarajevo,5.73,3.71,93,1013,,2025-10-25 10:45:33
Tirana,9.49,8.55,81,1014,,2025-10-25 10:45:35
Podgorica,9.88,8.63,87,1014,,2025-10-25 10:45:36
Skopje,4.89,4.89,87,1015,,2025-10-25 10:45:38
Ljubljana,6.32,5.4,96,1010,,2025-10-25 10:45:42
Krakow,4.27,3.06,94,1004,,2025-10-25 10:45:43
Gdansk,5.81,2.53,87,998,,2025-10-25 10:45:44
Wroclaw,6.95,3.71,74,1004,,2025-10-25 10:45:45
Porto,14.77,14.6,88,1014,,2025-10-25 10:45:47
Seville,18.55,18.63,83,1015,,2025-10-25 10:45:48
Valencia,20.58,20.52,70,1012,,2025-10-25 10:45:49
Granada,10.14,9.48,87,1016,,2025-10-25 10:45:50
Bilbao,11.84,11.01,74,1013,,2025-10-25 10:45:51
Nice,15.37,14.58,62,1009,,2025-10-25 10:45:52
Marseille,13.64,13.17,81,1012,,2025-10-25 10:45:53
Lyon,10.88,10.3,87,1010,,2025-10-25 10:45:55
Geneva,8.53,7.03,92,1010,,2025-10-25 10:45:56
Basel,8.82,8.26,90,1008,,2025-10-25 10:45:57
Hamburg,8.94,5.1,81,992,,2025-10-25 10:45:58
Cologne,9.39,7.2,78,999,,2025-10-25 10:45:59
Munich,6.56,4.61,88,1008,,2025-10-25 10:46:00
Stuttgart,7.91,7.22,86,1005,,2025-10-25 10:46:01
Dusseldorf,9.79,6.28,79,997,,2025-10-25 10:46:03
Leipzig,7.87,5.09,76,999,,2025-10-25 10:46:04
Dresden,6.47,2.9,73,1002,,2025-10-25 10:46:05
Nuremberg,6.04,2.81,87,1004,,2025-10-25 10:46:06
Bremen,7.95,4.4,88,992,,2025-10-25 10:46:07
Hambantota,25.19,26.06,88,1010,,2025-10-25 10:46:11
Colombo,23.99,24.59,82,1011,,2025-10-25 10:46:15
Male,27.83,31.39,78,1012,,2025-10-25 10:46:20
Kathmandu,21.15,20.99,64,1015,,2025-10-25 10:46:21
Thimphu,14.85,13.67,49,1017,,2025-10-25 10:46:23
Islamabad,24.9,24.78,51,1014,,2025-10-25 10:46:26
Lahore,26.99,27.86,57,1013,,2025-10-25 10:46:27
Karachi,30.07,28.5,25,1011,,2025-10-25 10:46:33
Mashhad,17.09,15.95,42,1017,,2025-10-25 10:46:37
Shiraz,16.83,15.33,29,1020,,2025-10-25 10:46:38
Yerevan,12.13,11.38,76,1015,,2025-10-25 10:46:42
Tbilisi,12.06,11.62,88,1015,,2025-10-25 10:46:44
Baku,17.82,17.8,82,1014,,2025-10-25 10:46:45
Astana,4.01,2.21,56,1017,,2025-10-25 10:46:52
Almaty,16.85,15.53,36,1016,,2025-10-25 10:46:53
Bishkek,19.22,17.85,25,1014,,2025-10-25 10:46:54
Tashkent,18.84,17.8,39,1015,,2025-10-25 10:46:56
Phnom Penh,29.86,33.8,66,1009,,2025-10-25 10:47:09
Vientiane,28.29,31.39,71,1014,,2025-10-25 10:47:12
Bandar Seri Begawan,30.39,34.04,62,1009,,2025-10-25 10:47:13
Hobart,13.89,12.95,62,1007,,2025-10-25 10:47:14
Darwin,34.06,40.33,55,1007,,2025-10-25 10:47:15
Adelaide,19.57,19.78,84,1007,,2025-10-25 10:47:16
Suva,26.78,29.51,83,1013,,2025-10-25 10:47:17
Apia,26.62,26.62,78,1013,,2025-10-25 10:47:18
Nadi,28.0,30.54,69,1013,,2025-10-25 10:47:20
Port Moresby,30.61,36.57,70,1006,,2025-10-25 10:47:21
Avarua,26.03,26.03,73,1019,,2025-10-25 10:47:23
Noumea,28.89,35.89,99,1013,,2025-10-25 10:47:26
Papeete,24.42,25.37,94,1018,,2025-10-25 10:47:27
San Jose,14.77,14.55,86,1017,,2025-10-25 10:44:18
Minneapolis,9.01,6.99,66,1023,,2025-10-25 10:44:21
Portland,10.7,10.31,95,1012,,2025-10-25 10:44:23
Baltimore,7.47,5.77,75,1026,,2025-10-25 10:44:24
Charlotte,8.26,6.71,75,1026,,2025-10-25 10:44:25
Cleveland,7.18,5.43,85,1026,,2025-10-25 10:44:26
Detroit,7.59,7.59,81,1027,,2025-10-25 10:44:27
Tampa,20.61,20.76,78,1020,,2025-10-25 10:44:28
Kansas City,11.19,10.43,79,1019,,2025-10-25 10:44:30
Indianapolis,5.25,4.18,66,1026,,2025-10-25 10:44:31
St. Louis,13.08,12.09,63,1024,,2025-10-25 10:44:32
Salt Lake City,10.37,8.98,58,1018,,2025-10-25 10:44:36
Anchorage,2.93,-1.32,87,992,,2025-10-25 10:44:37
Ottawa,6.35,4.87,83,1024,,2025-10-25 10:44:38
Calgary,12.41,10.57,33,995,,2025-10-25 10:44:39
Edmonton,11.3,9.58,42,992,,2025-10-25 10:44:40
Winnipeg,3.81,1.33,84,1016,,2025-10-25 10:44:41
Halifax,7.82,6.63,92,1018,,2025-10-25 10:44:45
Guadalajara,18.88,18.83,77,1015,,2025-10-25 10:44:46
Monterrey,24.7,25.0,68,1011,,2025-10-25 10:44:48
Cancun,27.19,30.06,79,1013,,2025-10-25 10:44:49
Quito,8.33,8.33,100,1017,,2025-10-25 10:44:50
Guayaquil,22.96,23.35,78,1012,,2025-10-25 10:44:51
La Paz,10.56,9.16,57,1016,,2025-10-25 10:44:52
Asuncion,27.68,28.1,50,1003,,2025-10-25 10:44:54
Montevideo,17.93,18.29,96,1006,,2025-10-25 10:44:55
Guatemala City,15.33,15.53,100,1019,,2025-10-25 10:44:56
San Salvador,22.2,22.7,85,1011,,2025-10-25 10:45:00
Panama City,25.34,26.44,96,1011,,2025-10-25 10:45:02
Kingston,26.24,26.24,87,1007,,2025-10-25 10:45:03
Port-au-Prince,23.96,24.76,90,1010,,2025-10-25 10:45:04
Santo Domingo,23.34,24.26,97,1012,,2025-10-25 10:45:05
Havana,25.33,26.22,88,1015,,2025-10-25 10:45:06
Port of Spain,25.03,25.89,88,1011,,2025-10-25 10:45:09
Reykjavik,-2.28,-5.41,61,1018,,2025-10-25 10:45:13
Bergen,7.27,6.49,93,983,,2025-10-25 10:45:14
Gothenburg,9.63,6.56,56,986,,2025-10-25 10:45:15
Malmo,8.94,5.01,85,992,,2025-10-25 10:45:16
Tampere,7.27,3.68,97,995,,2025-10-25 10:45:17
Tallinn,11.19,10.98,100,993,,2025-10-25 10:45:18
Riga,10.5,10.14,97,990,,2025-10-25 10:45:19
Vilnius,8.57,5.2,94,991,,2025-10-25 10:45:20
Budapest,5.8,5.8,75,1010,,2025-10-25 10:45:21
Bratislava,6.69,5.83,73,1008,,2025-10-25 10:45:22
Belgrade,7.0,5.22,85,1013,,2025-10-25 10:45:23
Bucharest,6.54,4.29,86,1011,,2025-10-25 10:45:25
Sofia,2.82,2.82,93,1014,,2025-10-25 10:45:26
Athens,17.68,17.36,71,1013,,2025-10-25 10:45:27
Thessaloniki,16.3,15.32,51,1012,,2025-10-25 10:45:28
Split,13.02,12.83,94,1013,,2025-10-25 10:45:29
Dubrovnik,12.71,11.89,71,1013,,2025-10-25 10:45:30
Sarajevo,5.73,3.71,93,1013,,2025-10-25 10:45:31
Tirana,9.49,8.55,81,1014,,2025-10-25 10:45:32
Podgorica,9.88,8.63,87,1014,,2025-10-25 10:45:33
Skopje,4.89,4.89,87,1015,,2025-10-25 10:45:35
Ljubljana,6.32,5.4,96,1010,,2025-10-25 10:45:36
Krakow,4.27,3.06,94,1004,,2025-10-25 10:45:38
Gdansk,5.81,2.53,87,998,,2025-10-25 10:45:42
Wroclaw,6.95,3.71,74,1004,,2025-10-25 10:45:43
Porto,14.77,14.6,88,1014,,2025-10-25 10:45:44
Seville,18.55,18.63,83,1015,,2025-10-25 10:45:45
Valencia,20.58,20.52,70,1012,,2025-10-25 10:45:47
Granada,10.14,9.48,87,1016,,2025-10-25 10:45:48
Bilbao,11.84,11.01,74,1013,,2025-10-25 10:45:49
Nice,15.37,14.58,62,1009,,2025-10-25 10:45:50
Marseille,13.64,13.17,81,1012,,2025-10-25 10:45:51
Lyon,10.88,10.3,87,1010,,2025-10-25 10:45:52
Geneva,8.53,7.03,92,1010,,2025-10-25 10:45:53
Basel,8.82,8.26,90,1008,,2025-10-25 10:45:55
Hamburg,8.94,5.1,81,992,,2025-10-25 10:45:56
Cologne,9.39,7.2,78,999,,2025-10-25 10:45:57
Munich,6.56,4.61,88,1008,,2025-10-25 10:45:58
Stuttgart,7.91,7.22,86,1005,,2025-10-25 10:45:59
Dusseldorf,9.79,6.28,79,997,,2025-10-25 10:46:00
Leipzig,7.87,5.09,76,999,,2025-10-25 10:46:01
Dresden,6.47,2.9,73,1002,,2025-10-25 10:46:03
Nuremberg,6.04,2.81,87,1004,,2025-10-25 10:46:04
Bremen,7.95,4.4,88,992,,2025-10-25 10:46:05
Hambantota,25.19,26.06,88,1010,,2025-10-25 10:46:06
Colombo,23.99,24.59,82,1011,,2025-10-25 10:46:07
Male,27.83,31.39,78,1012,,2025-10-25 10:46:11
Kathmandu,21.15,20.99,64,1015,,2025-10-25 10:46:15
Thimphu,14.85,13.67,49,1017,,2025-10-25 10:46:20
Islamabad,24.9,24.78,51,1014,,2025-10-25 10:46:21
Lahore,26.99,27.86,57,1013,,2025-10-25 10:46:23
Karachi,30.07,28.5,25,1011,,2025-10-25 10:46:26
Mashhad,17.09,15.95,42,1017,,2025-10-25 10:46:27
Shiraz,16.83,15.33,29,1020,,2025-10-25 10:46:33
Yerevan,12.13,11.38,76,1015,,2025-10-25 10:46:35
Tbilisi,12.06,11.62,88,1015,,2025-10-25 10:46:38
Baku,17.82,17.8,82,1014,,2025-10-25 10:46:52
Astana,4.01,2.21,56,1017,,2025-10-25 10:46:53
Almaty,16.85,15.53,36,1016,,2025-10-25 10:46:54
Bishkek,19.22,17.85,25,1014,,2025-10-25 10:46:56
Tashkent,18.84,17.8,39,1015,,2025-10-25 10:47:04
Ashgabat,19.79,18.92,42,1014,,2025-10-25 10:47:05
Ulaanbaatar,-3.98,-10.98,54,1036,,2025-10-25 10:47:06
Phnom Penh,29.86,33.8,66,1009,,2025-10-25 10:47:13
Vientiane,28.29,31.39,71,1014,,2025-10-25 10:47:14
Bandar Seri Begawan,30.39,34.04,62,1009,,2025-10-25 10:47:15
Hobart,13.89,12.95,62,1007,,2025-10-25 10:47:16
Darwin,34.06,40.33,55,1007,,2025-10-25 10:47:18
Adelaide,19.57,19.78,84,1007,,2025-10-25 10:47:19
Suva,26.78,29.51,83,1013,,2025-10-25 10:47:20
Apia,26.62,26.62,78,1013,,2025-10-25 10:47:21
Nadi,28.0,30.54,69,1013,,2025-10-25 10:47:27
Port Moresby,30.61,36.57,70,1006,,2025-10-25 10:47:28
Avarua,26.03,26.03,73,1019,,2025-10-25 10:47:29
Noumea,28.89,35.89,99,1013,,2025-10-25 10:47:30
Papeete,24.42,25.37,94,1018,,2025-10-25 10:47:32
Charlotte,7.42,7.42,81,1027,,2025-10-26 11:34:02
Tampa,21.77,22.09,80,1018,,2025-10-26 11:34:05
Kansas City,12.65,11.98,77,1019,,2025-10-26 11:34:06
St. Louis,11.15,10.46,82,1022,,2025-10-26 11:34:09
Salt Lake City,18.53,17.22,30,1011,,2025-10-26 11:34:10
Anchorage,0.56,-3.68,87,1003,,2025-10-26 11:34:11
Ottawa,2.22,-0.45,84,1030,,2025-10-26 11:34:12
Calgary,6.04,2.35,61,995,,2025-10-26 11:34:13
Edmonton,5.19,2.98,66,1000,,2025-10-26 11:34:14
Winnipeg,11.78,11.08,79,1015,,2025-10-26 11:34:15
Halifax,5.03,5.03,92,1025,,2025-10-26 11:34:16
Monterrey,24.21,24.44,67,1016,,2025-10-26 11:34:18
Cancun,25.54,26.47,89,1012,,2025-10-26 11:34:19
Quito,9.33,7.65,94,1016,,2025-10-26 11:34:20
Guayaquil,23.96,24.45,78,1012,,2025-10-26 11:34:22
La Paz,7.56,6.3,93,1015,,2025-10-26 11:34:23
Asuncion,19.83,20.32,94,1013,,2025-10-26 11:34:24
Montevideo,14.7,14.08,71,1016,,2025-10-26 11:34:25
Guatemala City,16.58,16.75,94,1013,,2025-10-26 11:34:26
San Salvador,21.09,21.74,95,1011,,2025-10-26 11:34:27
Panama City,24.76,25.82,97,1010,,2025-10-26 11:34:28
Kingston,24.92,25.95,95,1007,,2025-10-26 11:34:29
Port-au-Prince,22.52,23.23,92,1011,,2025-10-26 11:34:30
Havana,25.33,26.37,94,1014,,2025-10-26 11:34:31
Port of Spain,25.29,26.2,89,1010,,2025-10-26 11:34:33
Reykjavik,1.81,-0.95,93,1001,,2025-10-26 11:34:36
Malmo,7.94,3.17,87,988,,2025-10-26 11:34:39
Tampere,10.05,9.62,96,989,,2025-10-26 11:34:40
Tallinn,9.19,7.49,100,988,,2025-10-26 11:34:41
Riga,5.5,2.71,97,992,,2025-10-26 11:34:42
Vilnius,5.03,1.83,94,996,,2025-10-26 11:34:43
Budapest,7.49,7.49,83,1005,,2025-10-26 11:34:44
Bratislava,8.89,7.46,75,1005,,2025-10-26 11:34:45
Belgrade,11.23,10.81,92,1006,,2025-10-26 11:34:46
Bucharest,9.15,9.15,82,1009,,2025-10-26 11:34:47
Sofia,8.83,8.83,87,1011,,2025-10-26 11:34:49
Athens,18.92,18.85,76,1013,,2025-10-26 11:34:50
Thessaloniki,16.37,15.63,60,1011,,2025-10-26 11:34:51
Split,17.02,17.08,88,1006,,2025-10-26 11:34:52
Dubrovnik,15.71,15.79,94,1007,,2025-10-26 11:34:53
Sarajevo,9.73,9.73,93,1006,,2025-10-26 11:34:54
Tirana,14.49,14.14,82,1010,,2025-10-26 11:34:55
Podgorica,14.88,15.03,100,1009,,2025-10-26 11:34:56
Ljubljana,9.12,9.12,98,1005,,2025-10-26 11:34:59
Krakow,8.78,8.21,95,1001,,2025-10-26 11:35:00
Gdansk,8.16,5.45,92,994,,2025-10-26 11:35:01
Wroclaw,9.24,7.87,82,1001,,2025-10-26 11:35:02
Porto,8.77,8.77,93,1017,,2025-10-26 11:35:03
Seville,19.97,20.19,83,1016,,2025-10-26 11:35:04
Valencia,20.02,19.91,70,1014,,2025-10-26 11:35:05
Granada,16.0,15.8,82,1018,,2025-10-26 11:35:06
Bilbao,12.71,12.36,89,1020,,2025-10-26 11:35:07
Nice,14.98,13.92,53,1004,,2025-10-26 11:35:08
Marseille,13.08,12.35,73,1011,,2025-10-26 11:35:09
Lyon,7.89,7.89,94,1014,,2025-10-26 11:35:10
Geneva,7.73,5.44,83,1013,,2025-10-26 11:35:11
Basel,8.17,5.24,86,1011,,2025-10-26 11:35:12
Hamburg,5.79,0.7,87,989,,2025-10-26 11:35:13
Cologne,5.84,1.9,84,1004,,2025-10-26 11:35:14
Munich,7.96,5.27,82,1006,,2025-10-26 11:35:15
Stuttgart,6.6,2.95,87,1007,,2025-10-26 11:35:16
Dusseldorf,5.97,1.07,81,1002,,2025-10-26 11:35:17
Leipzig,6.73,3.03,86,998,,2025-10-26 11:35:18
Dresden,6.48,3.9,84,999,,2025-10-26 11:35:19
Nuremberg,5.99,1.72,82,1004,,2025-10-26 11:35:20
Bremen,4.91,-1.1,89,990,,2025-10-26 11:35:23
Hambantota,30.19,35.51,70,1008,,2025-10-26 11:35:24
Colombo,28.99,34.08,77,1010,,2025-10-26 11:35:25
Male,29.97,34.97,70,1011,,2025-10-26 11:35:26
Kathmandu,24.15,23.74,43,1014,,2025-10-26 11:35:27
Thimphu,17.43,15.99,29,1014,,2025-10-26 11:35:28
Islamabad,26.01,26.01,46,1015,,2025-10-26 11:35:29
Lahore,27.99,28.18,47,1014,,2025-10-26 11:35:30
Karachi,33.06,30.87,18,1011,,2025-10-26 11:35:31
Mashhad,22.09,21.09,28,1018,,2025-10-26 11:35:32
Shiraz,19.84,18.51,24,1017,,2025-10-26 11:35:33
Yerevan,10.13,9.18,76,1012,,2025-10-26 11:35:37
Tbilisi,13.06,12.3,72,1013,,2025-10-26 11:35:42
Baku,18.82,18.77,77,1013,,2025-10-26 11:35:44
Astana,5.01,1.35,81,1021,,2025-10-26 11:35:45
Almaty,19.85,18.67,30,1016,,2025-10-26 11:35:46
Bishkek,15.22,13.61,31,1015,,2025-10-26 11:35:47
Tashkent,19.84,18.92,40,1016,,2025-10-26 11:35:48
Ashgabat,21.79,21.07,40,1014,,2025-10-26 11:35:49
Ulaanbaatar,-3.98,-8.28,74,1029,,2025-10-26 11:35:51
Phnom Penh,31.33,35.56,60,1008,,2025-10-26 11:35:52
Vientiane,30.2,35.03,68,1012,,2025-10-26 11:35:53
Bandar Seri Begawan,27.61,30.89,78,1010,,2025-10-26 11:35:54
Hobart,9.56,5.79,85,1000,,2025-10-26 11:35:55
Darwin,35.06,36.74,38,1007,,2025-10-26 11:35:56
Adelaide,20.93,20.44,52,1004,,2025-10-26 11:35:58
Suva,25.78,26.87,94,1014,,2025-10-26 11:35:58
Apia,27.73,30.77,75,1014,,2025-10-26 11:35:59
Nadi,25.0,26.01,94,1014,,2025-10-26 11:36:01
Port Moresby,27.42,30.58,79,1006,,2025-10-26 11:36:01
Avarua,25.03,25.76,83,1020,,2025-10-26 11:36:06
Noumea,27.78,34.57,99,1013,,2025-10-26 11:36:08
Papeete,24.42,25.22,88,1018,,2025-10-26 11:36:09
San Jose,13.29,12.84,83,1018,,2025-10-26 11:33:58
Minneapolis,8.0,4.83,74,1024,,2025-10-26 11:33:59
Portland,7.97,4.61,90,1011,,2025-10-26 11:34:00
Baltimore,7.78,7.78,84,1028,,2025-10-26 11:34:01
Charlotte,7.42,7.42,81,1027,,2025-10-26 11:34:03
Cleveland,4.88,4.88,89,1028,,2025-10-26 11:34:04
Detroit,4.26,3.05,89,1029,,2025-10-26 11:34:05
Tampa,21.77,22.09,80,1018,,2025-10-26 11:34:06
Kansas City,12.65,11.98,77,1019,,2025-10-26 11:34:07
Indianapolis,9.63,7.74,64,1026,,2025-10-26 11:34:08
St. Louis,11.15,10.46,82,1022,,2025-10-26 11:34:10
Salt Lake City,18.53,17.22,30,1011,,2025-10-26 11:34:11
Anchorage,0.56,-3.68,87,1003,,2025-10-26 11:34:12
Ottawa,2.22,-0.45,84,1030,,2025-10-26 11:34:13
Calgary,6.04,2.35,61,995,,2025-10-26 11:34:14
Edmonton,5.19,2.98,66,1000,,2025-10-26 11:34:15
Winnipeg,11.78,11.08,79,1015,,2025-10-26 11:34:16
Halifax,5.03,5.03,92,1025,,2025-10-26 11:34:17
Guadalajara,14.88,14.56,82,1015,,2025-10-26 11:34:17
Monterrey,24.21,24.44,67,1016,,2025-10-26 11:34:19
Cancun,25.54,26.47,89,1012,,2025-10-26 11:34:20
Quito,9.33,7.65,94,1016,,2025-10-26 11:34:21
Guayaquil,23.96,24.45,78,1012,,2025-10-26 11:34:23
La Paz,7.56,6.3,93,1015,,2025-10-26 11:34:24
Asuncion,19.83,20.32,94,1013,,2025-10-26 11:34:25
Montevideo,14.7,14.08,71,1016,,2025-10-26 11:34:26
Guatemala City,16.58,16.75,94,1013,,2025-10-26 11:34:27
San Salvador,21.09,21.74,95,1011,,2025-10-26 11:34:28
Panama City,24.76,25.82,97,1010,,2025-10-26 11:34:29
Kingston,24.92,25.95,95,1007,,2025-10-26 11:34:30
Port-au-Prince,22.52,23.23,92,1011,,2025-10-26 11:34:31
Santo Domingo,23.9,24.8,94,1012,,2025-10-26 11:34:31
Havana,25.33,26.37,94,1014,,2025-10-26 11:34:33
Port of Spain,25.29,26.2,89,1010,,2025-10-26 11:34:36
Reykjavik,1.81,-0.95,93,1001,,2025-10-26 11:34:37
Bergen,7.27,7.27,100,987,,2025-10-26 11:34:38
Gothenburg,9.2,6.96,50,982,,2025-10-26 11:34:39
Malmo,7.94,3.17,87,988,,2025-10-26 11:34:40
Tampere,10.05,9.62,96,989,,2025-10-26 11:34:41
Tallinn,9.19,7.49,100,988,,2025-10-26 11:34:42
Riga,5.5,2.71,97,992,,2025-10-26 11:34:43
Vilnius,5.03,1.83,94,996,,2025-10-26 11:34:44
Budapest,7.49,7.49,83,1005,,2025-10-26 11:34:45
Bratislava,8.89,7.46,75,1005,,2025-10-26 11:34:46
Belgrade,11.23,10.81,92,1006,,2025-10-26 11:34:47
Bucharest,9.15,9.15,82,1009,,2025-10-26 11:34:49
Sofia,8.83,8.83,87,1011,,2025-10-26 11:34:50
Athens,18.92,18.85,76,1013,,2025-10-26 11:34:51
Thessaloniki,16.37,15.63,60,1011,,2025-10-26 11:34:52
Split,17.02,17.08,88,1006,,2025-10-26 11:34:53
Dubrovnik,15.71,15.79,94,1007,,2025-10-26 11:34:54
Sarajevo,9.73,9.73,93,1006,,2025-10-26 11:34:55
Tirana,14.49,14.14,82,1010,,2025-10-26 11:34:56
Podgorica,14.88,15.03,100,1009,,2025-10-26 11:34:59
Skopje,8.89,8.89,87,1010,,2025-10-26 11:34:59
Ljubljana,9.12,9.12,98,1005,,2025-10-26 11:35:00
Krakow,8.78,8.21,95,1001,,2025-10-26 11:35:01
Gdansk,8.16,5.45,92,994,,2025-10-26 11:35:02
Wroclaw,9.24,7.87,82,1001,,2025-10-26 11:35:03
Porto,8.77,8.77,93,1017,,2025-10-26 11:35:04
Seville,19.97,20.19,83,1016,,2025-10-26 11:35:05
Valencia,20.02,19.91,70,1014,,2025-10-26 11:35:06
Granada,16.0,15.8,82,1018,,2025-10-26 11:35:07
Bilbao,12.71,12.36,89,1020,,2025-10-26 11:35:08
Nice,14.98,13.92,53,1004,,2025-10-26 11:35:09
Marseille,13.08,12.35,73,1011,,2025-10-26 11:35:10
Lyon,7.89,7.89,94,1014,,2025-10-26 11:35:11
Geneva,7.73,5.44,83,1013,,2025-10-26 11:35:12
Basel,8.17,5.24,86,1011,,2025-10-26 11:35:13
Hamburg,5.79,0.7,87,989,,2025-10-26 11:35:14
Cologne,5.84,1.9,84,1004,,2025-10-26 11:35:15
Munich,7.96,5.27,82,1006,,2025-10-26 11:35:16
Stuttgart,6.6,2.95,87,1007,,2025-10-26 11:35:17
Dusseldorf,5.97,1.07,81,1002,,2025-10-26 11:35:18
Leipzig,6.73,3.03,86,998,,2025-10-26 11:35:19
Dresden,6.48,3.9,84,999,,2025-10-26 11:35:20
Nuremberg,5.99,1.72,82,1004,,2025-10-26 11:35:23
Bremen,4.91,-1.1,89,990,,2025-10-26 11:35:24
Hambantota,30.19,35.51,70,1008,,2025-10-26 11:35:25
Colombo,28.99,34.08,77,1010,,2025-10-26 11:35:26
Male,29.97,34.97,70,1011,,2025-10-26 11:35:27
Kathmandu,24.15,23.74,43,1014,,2025-10-26 11:35:28
Thimphu,17.43,15.99,29,1014,,2025-10-26 11:35:29
Islamabad,26.01,26.01,46,1015,,2025-10-26 11:35:31
Lahore,27.99,28.18,47,1014,,2025-10-26 11:35:31
Karachi,33.06,30.87,18,1011,,2025-10-26 11:35:32
Mashhad,22.09,21.09,28,1018,,2025-10-26 11:35:34
Shiraz,19.84,18.51,24,1017,,2025-10-26 11:35:37
Yerevan,10.13,9.18,76,1012,,2025-10-26 11:35:42
Tbilisi,13.06,12.3,72,1013,,2025-10-26 11:35:44
Baku,18.82,18.77,77,1013,,2025-10-26 11:35:45
Astana,5.01,1.35,81,1021,,2025-10-26 11:35:46
Almaty,19.85,18.67,30,1016,,2025-10-26 11:35:47
Bishkek,15.22,13.61,31,1015,,2025-10-26 11:35:48
Tashkent,19.84,18.92,40,1016,,2025-10-26 11:35:49
Ashgabat,21.79,21.07,40,1014,,2025-10-26 11:35:52
Ulaanbaatar,-3.98,-8.28,74,1029,,2025-10-26 11:35:53
Phnom Penh,31.33,35.56,60,1008,,2025-10-26 11:35:54
Vientiane,30.2,35.03,68,1012,,2025-10-26 11:35:54
Bandar Seri Begawan,27.61,30.89,78,1010,,2025-10-26 11:35:55
Hobart,9.56,5.79,85,1000,,2025-10-26 11:35:57
Darwin,35.06,36.74,38,1007,,2025-10-26 11:35:58
Adelaide,20.93,20.44,52,1004,,2025-10-26 11:35:59
Suva,25.78,26.87,94,1014,,2025-10-26 11:36:00
Apia,27.73,30.77,75,1014,,2025-10-26 11:36:01
Nadi,25.0,26.01,94,1014,,2025-10-26 11:36:02
Port Moresby,27.42,30.58,79,1006,,2025-10-26 11:36:06
Avarua,25.03,25.76,83,1020,,2025-10-26 11:36:08
Noumea,27.78,34.57,99,1013,,2025-10-26 11:36:09
Papeete,24.42,25.22,88,1018,,2025-10-26 11:36:10
